City,Year,Total_Arrests,Avg_Violence_Score,Violent_Crime_Count,Violent_Crime_Rate,Population,Income (dollars),Education (percent),Employment (percent),HousingUnits,Health (percent),Households,Age,Language (percent),Foreign-born (percent),Naturalized (percent),Not Naturalized (percent),Older Pop (percent),Residential Mobility (percent),Poverty (percent),High School (percent),Bachelor's (percent),Graduate or Professional (percent),K-12 (percent),Commuting,Hours Worked,Rent,Homeownership Rate(percent),Largest Housing Value,Disability (percent),Marital Status (percent),American Indian and Alaska Native,Asian,Black or African American,Hispanic or Latino,Native Hawaiian and Other Pacific Islander,White
Austin,2018,365,3.0164383561643837,86,23.56164383561644,961855,90430,60.7,72.2,518574,13.0,484550,34.8,33.2,21.6,35.4,64.6,10.8,2.7,11.8,13.4,35.2,25.5,58.5,24.2,39.4,1770,43.4,500000-999999,7.6,56.0,9277,86876,69757,312448,708,526024
Austin,2019,365,2.9534246575342467,78,21.36986301369863,961855,90430,60.7,72.2,518574,13.0,484550,34.8,33.2,21.6,35.4,64.6,10.8,2.7,11.8,13.4,35.2,25.5,58.5,24.2,39.4,1770,43.4,500000-999999,7.6,56.0,9277,86876,69757,312448,708,526024
Austin,2020,366,3.0,80,21.85792349726776,961855,90430,60.7,72.2,518574,13.0,484550,34.8,33.2,21.6,35.4,64.6,10.8,2.7,11.8,13.4,35.2,25.5,58.5,24.2,39.4,1770,43.4,500000-999999,7.6,56.0,9277,86876,69757,312448,708,526024
Austin,2021,365,2.9726027397260273,85,23.28767123287671,961855,90430,60.7,72.2,518574,13.0,484550,34.8,33.2,21.6,35.4,64.6,10.8,2.7,11.8,13.4,35.2,25.5,58.5,24.2,39.4,1770,43.4,500000-999999,7.6,56.0,9277,86876,69757,312448,708,526024
Austin,2022,365,3.0,78,21.36986301369863,961855,90430,60.7,72.2,518574,13.0,484550,34.8,33.2,21.6,35.4,64.6,10.8,2.7,11.8,13.4,35.2,25.5,58.5,24.2,39.4,1770,43.4,500000-999999,7.6,56.0,9277,86876,69757,312448,708,526024
Austin,2023,365,2.695890410958904,72,19.726027397260275,961855,90430,60.7,72.2,518574,13.0,484550,34.8,33.2,21.6,35.4,64.6,10.8,2.7,11.8,13.4,35.2,25.5,58.5,24.2,39.4,1770,43.4,500000-999999,7.6,56.0,9277,86876,69757,312448,708,526024
Austin,2024,366,2.9945355191256833,79,21.584699453551913,961855,90430,60.7,72.2,518574,13.0,484550,34.8,33.2,21.6,35.4,64.6,10.8,2.7,11.8,13.4,35.2,25.5,58.5,24.2,39.4,1770,43.4,500000-999999,7.6,56.0,9277,86876,69757,312448,708,526024
Chicago,2018,365,3.265753424657534,126,34.52054794520548,2746388,80613,46.4,64.1,1282248,9.6,1172455,35.9,35.4,22.0,45.8,54.2,14.2,2.6,16.6,20.4,26.6,19.8,59.4,33.5,38.5,1486,46.5,300000-499999,11.9,50.7,34543,192586,801195,819518,1087,986280
Chicago,2019,365,3.1890410958904107,125,34.24657534246575,2746388,80613,46.4,64.1,1282248,9.6,1172455,35.9,35.4,22.0,45.8,54.2,14.2,2.6,16.6,20.4,26.6,19.8,59.4,33.5,38.5,1486,46.5,300000-499999,11.9,50.7,34543,192586,801195,819518,1087,986280
Chicago,2020,366,3.2868852459016393,127,34.69945355191257,2746388,80613,46.4,64.1,1282248,9.6,1172455,35.9,35.4,22.0,45.8,54.2,14.2,2.6,16.6,20.4,26.6,19.8,59.4,33.5,38.5,1486,46.5,300000-499999,11.9,50.7,34543,192586,801195,819518,1087,986280
Chicago,2021,365,3.1123287671232878,119,32.602739726027394,2746388,80613,46.4,64.1,1282248,9.6,1172455,35.9,35.4,22.0,45.8,54.2,14.2,2.6,16.6,20.4,26.6,19.8,59.4,33.5,38.5,1486,46.5,300000-499999,11.9,50.7,34543,192586,801195,819518,1087,986280
Chicago,2022,365,2.706849315068493,97,26.575342465753426,2746388,80613,46.4,64.1,1282248,9.6,1172455,35.9,35.4,22.0,45.8,54.2,14.2,2.6,16.6,20.4,26.6,19.8,59.4,33.5,38.5,1486,46.5,300000-499999,11.9,50.7,34543,192586,801195,819518,1087,986280
Chicago,2023,365,3.1013698630136988,118,32.32876712328767,2746388,80613,46.4,64.1,1282248,9.6,1172455,35.9,35.4,22.0,45.8,54.2,14.2,2.6,16.6,20.4,26.6,19.8,59.4,33.5,38.5,1486,46.5,300000-499999,11.9,50.7,34543,192586,801195,819518,1087,986280
Chicago,2024,366,2.9972677595628414,117,31.967213114754102,2746388,80613,46.4,64.1,1282248,9.6,1172455,35.9,35.4,22.0,45.8,54.2,14.2,2.6,16.6,20.4,26.6,19.8,59.4,33.5,38.5,1486,46.5,300000-499999,11.9,50.7,34543,192586,801195,819518,1087,986280
Detroit,2018,365,3.3123287671232875,126,34.52054794520548,639111,39209,18.8,48.8,343649,7.5,268048,35.9,14.1,8.3,42.8,57.2,16.1,0.9,34.5,32.1,11.0,7.8,74.4,22.9,36.6,1091,51.0,50000-99999,19.0,57.4,2931,10193,496534,51269,160,68407
Detroit,2019,365,3.7643835616438355,159,43.56164383561644,639111,39209,18.8,48.8,343649,7.5,268048,35.9,14.1,8.3,42.8,57.2,16.1,0.9,34.5,32.1,11.0,7.8,74.4,22.9,36.6,1091,51.0,50000-99999,19.0,57.4,2931,10193,496534,51269,160,68407
Detroit,2020,366,3.521857923497268,149,40.7103825136612,639111,39209,18.8,48.8,343649,7.5,268048,35.9,14.1,8.3,42.8,57.2,16.1,0.9,34.5,32.1,11.0,7.8,74.4,22.9,36.6,1091,51.0,50000-99999,19.0,57.4,2931,10193,496534,51269,160,68407
Detroit,2021,365,3.578082191780822,144,39.45205479452055,639111,39209,18.8,48.8,343649,7.5,268048,35.9,14.1,8.3,42.8,57.2,16.1,0.9,34.5,32.1,11.0,7.8,74.4,22.9,36.6,1091,51.0,50000-99999,19.0,57.4,2931,10193,496534,51269,160,68407
Detroit,2022,365,3.1397260273972605,121,33.15068493150685,639111,39209,18.8,48.8,343649,7.5,268048,35.9,14.1,8.3,42.8,57.2,16.1,0.9,34.5,32.1,11.0,7.8,74.4,22.9,36.6,1091,51.0,50000-99999,19.0,57.4,2931,10193,496534,51269,160,68407
Detroit,2023,365,3.347945205479452,135,36.986301369863014,639111,39209,18.8,48.8,343649,7.5,268048,35.9,14.1,8.3,42.8,57.2,16.1,0.9,34.5,32.1,11.0,7.8,74.4,22.9,36.6,1091,51.0,50000-99999,19.0,57.4,2931,10193,496534,51269,160,68407
Detroit,2024,366,3.1639344262295084,128,34.97267759562842,639111,39209,18.8,48.8,343649,7.5,268048,35.9,14.1,8.3,42.8,57.2,16.1,0.9,34.5,32.1,11.0,7.8,74.4,22.9,36.6,1091,51.0,50000-99999,19.0,57.4,2931,10193,496534,51269,160,68407
Los Angeles,2018,331,2.8164383561643835,99,29.909365558912388,3898747,82263,39.9,62.7,1587311,8.5,1480869,37.5,56.6,36.1,49.4,50.6,15.0,1.3,16.0,18.7,26.1,13.8,59.4,31.7,37.5,2003,35.9,1000000+,11.8,47.2,66491,462643,336096,1829991,5960,1359068
Los Angeles,2019,339,2.819178082191781,95,28.023598820058996,3898747,82263,39.9,62.7,1587311,8.5,1480869,37.5,56.6,36.1,49.4,50.6,15.0,1.3,16.0,18.7,26.1,13.8,59.4,31.7,37.5,2003,35.9,1000000+,11.8,47.2,66491,462643,336096,1829991,5960,1359068
Los Angeles,2020,366,3.439890710382514,116,31.693989071038253,3898747,82263,39.9,62.7,1587311,8.5,1480869,37.5,56.6,36.1,49.4,50.6,15.0,1.3,16.0,18.7,26.1,13.8,59.4,31.7,37.5,2003,35.9,1000000+,11.8,47.2,66491,462643,336096,1829991,5960,1359068
Los Angeles,2021,365,3.5643835616438357,130,35.61643835616438,3898747,82263,39.9,62.7,1587311,8.5,1480869,37.5,56.6,36.1,49.4,50.6,15.0,1.3,16.0,18.7,26.1,13.8,59.4,31.7,37.5,2003,35.9,1000000+,11.8,47.2,66491,462643,336096,1829991,5960,1359068
Los Angeles,2022,365,2.9726027397260273,87,23.835616438356162,3898747,82263,39.9,62.7,1587311,8.5,1480869,37.5,56.6,36.1,49.4,50.6,15.0,1.3,16.0,18.7,26.1,13.8,59.4,31.7,37.5,2003,35.9,1000000+,11.8,47.2,66491,462643,336096,1829991,5960,1359068
Los Angeles,2023,365,3.3945205479452056,107,29.315068493150687,3898747,82263,39.9,62.7,1587311,8.5,1480869,37.5,56.6,36.1,49.4,50.6,15.0,1.3,16.0,18.7,26.1,13.8,59.4,31.7,37.5,2003,35.9,1000000+,11.8,47.2,66491,462643,336096,1829991,5960,1359068
Los Angeles,2024,365,2.252054794520548,42,11.506849315068493,3898747,82263,39.9,62.7,1587311,8.5,1480869,37.5,56.6,36.1,49.4,50.6,15.0,1.3,16.0,18.7,26.1,13.8,59.4,31.7,37.5,2003,35.9,1000000+,11.8,47.2,66491,462643,336096,1829991,5960,1359068
New York,2018,364,3.0493150684931507,117,32.142857142857146,8804190,81228,42.5,59.3,3737632,5.9,3379651,38.5,48.3,36.7,59.0,41.0,17.5,1.7,18.0,22.7,24.4,18.1,63.5,40.6,37.9,1811,32.7,500000-999999,13.8,45.4,86218,1385144,1943645,2490350,6874,3000945
New York,2019,365,3.252054794520548,130,35.61643835616438,8804190,81228,42.5,59.3,3737632,5.9,3379651,38.5,48.3,36.7,59.0,41.0,17.5,1.7,18.0,22.7,24.4,18.1,63.5,40.6,37.9,1811,32.7,500000-999999,13.8,45.4,86218,1385144,1943645,2490350,6874,3000945
New York,2020,366,3.6147540983606556,146,39.89071038251366,8804190,81228,42.5,59.3,3737632,5.9,3379651,38.5,48.3,36.7,59.0,41.0,17.5,1.7,18.0,22.7,24.4,18.1,63.5,40.6,37.9,1811,32.7,500000-999999,13.8,45.4,86218,1385144,1943645,2490350,6874,3000945
New York,2021,364,3.5726027397260274,152,41.75824175824176,8804190,81228,42.5,59.3,3737632,5.9,3379651,38.5,48.3,36.7,59.0,41.0,17.5,1.7,18.0,22.7,24.4,18.1,63.5,40.6,37.9,1811,32.7,500000-999999,13.8,45.4,86218,1385144,1943645,2490350,6874,3000945
New York,2022,365,3.328767123287671,129,35.342465753424655,8804190,81228,42.5,59.3,3737632,5.9,3379651,38.5,48.3,36.7,59.0,41.0,17.5,1.7,18.0,22.7,24.4,18.1,63.5,40.6,37.9,1811,32.7,500000-999999,13.8,45.4,86218,1385144,1943645,2490350,6874,3000945
New York,2023,365,3.0465753424657533,111,30.41095890410959,8804190,81228,42.5,59.3,3737632,5.9,3379651,38.5,48.3,36.7,59.0,41.0,17.5,1.7,18.0,22.7,24.4,18.1,63.5,40.6,37.9,1811,32.7,500000-999999,13.8,45.4,86218,1385144,1943645,2490350,6874,3000945
New York,2024,366,3.251366120218579,135,36.885245901639344,8804190,81228,42.5,59.3,3737632,5.9,3379651,38.5,48.3,36.7,59.0,41.0,17.5,1.7,18.0,22.7,24.4,18.1,63.5,40.6,37.9,1811,32.7,500000-999999,13.8,45.4,86218,1385144,1943645,2490350,6874,3000945
San Francisco,2018,365,1.4876712328767123,30,8.21917808219178,"873,965",139801,60.9,65.9,420054,2.8,371841,40.5,43.9,34.2,63.1,36.9,18.5,2.3,11.3,10.6,35.2,25.7,54.1,32.2,39.9,2448,36.7,1000000+,12.9,46.2,6475,296505,46725,136761,3476,361382
San Francisco,2019,365,1.7945205479452055,40,10.95890410958904,"873,965",139801,60.9,65.9,420054,2.8,371841,40.5,43.9,34.2,63.1,36.9,18.5,2.3,11.3,10.6,35.2,25.7,54.1,32.2,39.9,2448,36.7,1000000+,12.9,46.2,6475,296505,46725,136761,3476,361382
San Francisco,2020,366,1.7540983606557377,37,10.10928961748634,"873,965",139801,60.9,65.9,420054,2.8,371841,40.5,43.9,34.2,63.1,36.9,18.5,2.3,11.3,10.6,35.2,25.7,54.1,32.2,39.9,2448,36.7,1000000+,12.9,46.2,6475,296505,46725,136761,3476,361382
San Francisco,2021,364,1.7424657534246575,32,8.791208791208792,"873,965",139801,60.9,65.9,420054,2.8,371841,40.5,43.9,34.2,63.1,36.9,18.5,2.3,11.3,10.6,35.2,25.7,54.1,32.2,39.9,2448,36.7,1000000+,12.9,46.2,6475,296505,46725,136761,3476,361382
San Francisco,2022,364,1.7232876712328766,35,9.615384615384617,"873,965",139801,60.9,65.9,420054,2.8,371841,40.5,43.9,34.2,63.1,36.9,18.5,2.3,11.3,10.6,35.2,25.7,54.1,32.2,39.9,2448,36.7,1000000+,12.9,46.2,6475,296505,46725,136761,3476,361382
San Francisco,2023,364,1.7452054794520548,35,9.615384615384617,"873,965",139801,60.9,65.9,420054,2.8,371841,40.5,43.9,34.2,63.1,36.9,18.5,2.3,11.3,10.6,35.2,25.7,54.1,32.2,39.9,2448,36.7,1000000+,12.9,46.2,6475,296505,46725,136761,3476,361382
San Francisco,2024,365,1.830601092896175,36,9.863013698630137,"873,965",139801,60.9,65.9,420054,2.8,371841,40.5,43.9,34.2,63.1,36.9,18.5,2.3,11.3,10.6,35.2,25.7,54.1,32.2,39.9,2448,36.7,1000000+,12.9,46.2,6475,296505,46725,136761,3476,361382
Seattle,2018,365,2.2904109589041095,65,17.80821917808219,737015,118745,70.1,71.5,411671,3.7,383698,35.4,24.3,19.8,46.8,53.2,12.7,5.3,9.4,8.9,38.1,31.9,48.2,25.9,38.2,2007,41.9,1000000+,10.4,47.6,5197,125668,51419,60563,2109,451623
Seattle,2019,365,2.276712328767123,67,18.356164383561644,737015,118745,70.1,71.5,411671,3.7,383698,35.4,24.3,19.8,46.8,53.2,12.7,5.3,9.4,8.9,38.1,31.9,48.2,25.9,38.2,2007,41.9,1000000+,10.4,47.6,5197,125668,51419,60563,2109,451623
Seattle,2020,366,2.278688524590164,51,13.934426229508196,737015,118745,70.1,71.5,411671,3.7,383698,35.4,24.3,19.8,46.8,53.2,12.7,5.3,9.4,8.9,38.1,31.9,48.2,25.9,38.2,2007,41.9,1000000+,10.4,47.6,5197,125668,51419,60563,2109,451623
Seattle,2021,365,2.4027397260273973,72,19.726027397260275,737015,118745,70.1,71.5,411671,3.7,383698,35.4,24.3,19.8,46.8,53.2,12.7,5.3,9.4,8.9,38.1,31.9,48.2,25.9,38.2,2007,41.9,1000000+,10.4,47.6,5197,125668,51419,60563,2109,451623
Seattle,2022,365,2.252054794520548,62,16.986301369863014,737015,118745,70.1,71.5,411671,3.7,383698,35.4,24.3,19.8,46.8,53.2,12.7,5.3,9.4,8.9,38.1,31.9,48.2,25.9,38.2,2007,41.9,1000000+,10.4,47.6,5197,125668,51419,60563,2109,451623
Seattle,2023,365,2.2273972602739724,61,16.71232876712329,737015,118745,70.1,71.5,411671,3.7,383698,35.4,24.3,19.8,46.8,53.2,12.7,5.3,9.4,8.9,38.1,31.9,48.2,25.9,38.2,2007,41.9,1000000+,10.4,47.6,5197,125668,51419,60563,2109,451623
Seattle,2024,366,2.4098360655737703,64,17.48633879781421,737015,118745,70.1,71.5,411671,3.7,383698,35.4,24.3,19.8,46.8,53.2,12.7,5.3,9.4,8.9,38.1,31.9,48.2,25.9,38.2,2007,41.9,1000000+,10.4,47.6,5197,125668,51419,60563,2109,451623
